id,age,sex,cp,trestbps,chol,fbs,restecg,thalach,exang,oldpeak,slope,ca,thal,target
180,57,1,0,150,276,0,0,112,1,0.6,1,1,1,0
229,59,1,3,170,288,0,0,159,0,0.2,1,0,3,0
112,57,1,2,150,126,1,1,173,0,0.2,2,1,3,1
247,56,0,0,134,409,0,0,150,1,1.9,1,2,3,0
61,71,0,2,110,265,1,0,130,0,0.0,2,1,2,1
10,57,1,2,150,168,0,1,174,0,1.6,2,0,2,1
120,46,0,0,138,243,0,0,152,1,0.0,1,0,2,1
224,56,0,0,200,288,1,0,133,1,4.0,0,2,3,0
269,54,1,0,122,286,0,0,116,1,3.2,1,2,2,0
34,54,1,2,125,273,0,0,152,0,0.5,0,1,2,1
6,57,1,0,140,192,0,1,148,0,0.4,1,0,1,1
102,59,1,3,178,270,0,0,145,0,4.2,0,0,3,1
46,52,1,1,120,325,0,1,172,0,0.2,2,0,2,1
176,40,1,0,110,167,0,0,114,1,2.0,1,0,3,0
119,46,0,1,105,204,0,1,172,0,0.0,2,0,2,1
47,44,1,2,140,235,0,0,180,0,0.0,2,0,2,1
126,34,0,1,118,210,0,1,192,0,0.7,2,0,2,1
193,54,1,0,120,188,0,1,113,0,1.4,1,1,3,0
286,46,1,0,140,311,0,1,120,1,1.8,1,2,3,0
280,61,1,0,138,166,0,0,125,1,3.6,1,1,2,0
153,64,1,3,170,227,0,0,155,0,0.6,1,0,3,1
270,56,1,0,130,283,1,0,103,1,1.6,0,0,3,0
273,67,1,0,120,237,0,1,71,0,1.0,1,0,2,0
26,71,0,1,160,302,0,1,162,0,0.4,2,2,2,1
147,44,0,2,118,242,0,1,149,0,0.3,1,1,2,1
284,40,1,0,152,223,0,1,181,0,0.0,2,0,3,0
255,59,1,3,160,273,0,0,125,0,0.0,2,0,2,0
74,51,1,0,140,261,0,0,186,1,0.0,2,0,2,1
232,57,1,0,165,289,1,0,124,0,1.0,1,3,3,0
110,50,0,0,110,254,0,0,159,0,0.0,2,0,2,1
140,64,1,0,128,263,0,1,105,1,0.2,1,1,3,1
285,61,1,0,140,207,0,0,138,1,1.9,2,1,3,0
199,62,1,0,120,267,0,1,99,1,1.8,1,2,3,0
43,45,1,0,104,208,0,0,148,1,3.0,1,0,2,1
18,66,0,3,150,226,0,1,114,0,2.6,0,0,2,1
169,63,1,0,130,254,0,0,147,0,1.4,1,1,3,0
77,51,1,2,125,245,1,0,166,0,2.4,1,0,2,1
91,48,1,2,124,255,1,1,175,0,0.0,2,2,2,1
25,40,1,3,140,199,0,1,178,1,1.4,2,0,3,1
58,45,1,0,115,260,0,0,185,0,0.0,2,0,2,1
93,52,1,2,138,223,0,1,169,0,0.0,2,4,2,1
78,59,1,1,140,221,0,1,164,1,0.0,2,0,2,1
138,62,1,1,128,208,1,0,140,0,0.0,2,0,2,1
117,41,1,2,130,214,0,0,168,0,2.0,1,0,2,1
8,44,1,1,120,263,0,1,173,0,0.0,2,0,3,1
252,43,1,0,132,247,1,0,143,1,0.1,1,4,3,0
282,52,1,0,128,204,1,1,156,1,1.0,1,0,0,0
79,52,1,1,128,205,1,1,184,0,0.0,2,0,2,1
293,58,0,0,170,225,1,0,146,1,2.8,1,2,1,0
233,55,1,0,160,289,0,0,145,1,0.8,1,1,3,0
220,48,1,0,130,256,1,0,150,1,0.0,2,2,3,0
256,45,1,0,142,309,0,0,147,1,0.0,1,3,3,0
64,41,1,1,135,203,0,1,132,0,0.0,1,0,1,1
83,60,0,2,102,318,0,1,160,0,0.0,2,1,2,1
237,58,1,0,125,300,0,0,171,0,0.0,2,2,3,0
205,62,0,0,160,164,0,0,145,0,6.2,0,3,3,0
250,69,1,2,140,254,0,0,146,0,2.0,1,3,3,0
105,50,1,2,129,196,0,1,163,0,0.0,2,0,2,1
301,68,1,0,144,193,1,1,141,0,3.4,1,2,3,0
194,60,1,0,145,282,0,0,142,1,2.8,1,2,3,0
185,50,1,0,150,243,0,0,128,0,2.6,1,0,3,0
